text,true_emotion,predicted_emotion
"Note to self ~ Stop laughing at things that offend you, it's ok to get mad at people \n#NoteToSelf #offended #mad #upset",anger,anger
"Me being on my dean really saving a lot of ppl, bc I don't snap nomore &amp; it take so much out of me..",anger,sadness
"Ananya just grabbed a bible, opened it, started reading, and then said 'where do they talk about burning people?'",anger,fear
@__NETFLIXNCHILL I fuck with madden way harder,anger,joy
"@marcavis @AntisocialJW2 I've always been fiery, but never radical.",anger,anger
If I spend even 5 minutes with you and you already irritate me I seriously will bitch you out until you shut up,anger,anger
@TrueAggieFan oh so that's where Brian was! Where was my invite? ,anger,sadness
"(Sam) Brown's Law: Never offend people with style when you can fake that, you have to break us in this Island.",anger,sadness
"Kik to trade, have fun or a conversation  (kik: youraffair) #kik #kikme #messageme #textme #pics #trade #tradepics #dm  #bored",anger,joy
"I miss my gran singing Rawhide, in her deep baritone growl.",anger,sadness
Sorry guys I have absolutely no idea what time i'll be on cam tomorrow but will keep you posted. #fuming,anger,anger
"Why to have vanity sizes?Now sizes S,XS(evenXXS sometimes) are too big, WTF?! Dear corporate jerks, Lithuania didn't need this. #rant #angry",anger,anger
"@HomeSwapperteam  Spent months arranging swap , new jobs etc, now I've found out she's been leading me on a merry dance. #fuming with her",anger,anger
@Jen_ny69 People will always get offended everyone's situation is different! Just because we have kids doesn't mean we have to settle,anger,anger
For the first time in my madden career I just set up a farm account. Should make MOTM much easier,anger,joy
@ArcticFantasy I would have almost took offense to this if I actually snapped you,anger,anger
"Realest ever, relentless ever, inevitable that I win.",anger,joy
"@gayla_weeks1 I try not to let my anger seep into reviews, but I resent having my time wasted on books like that. Time is precious.",anger,anger
"@huwellwell One chosen by the CLP members! MP seats are not for people to dole out to their mates, we elect candidates. #fuming",anger,anger
Sting is just too damn earnest for early morning listening. ,anger,sadness
Bout ta get my @dontbreathe on up in here! @WarrenTheaters #nervous #icantholdmybreaththatlong,fear,fear
"If i start growing out my mustache now, I can be Pablo Escobar for Halloween!!!",fear,joy
Bout ta get my @dontbreathe on up in here! @WarrenTheaters  #icantholdmybreaththatlong,fear,fear
"Gahh...BT, in queue for 30 minutes.. Now put through to BT Sport dept to cancel... back in a queue again... ",fear,anger
"Gahh...BT, in queue for 30 minutes.. Now put through to BT Sport dept to cancel... back in a queue again... #shocking",fear,anger
Tweeting from the sporadic wifi on the tube ,fear,sadness
@mikefreemanNFL \nIsn't OBrien supposed to be some sort of offensive genius ,fear,anger
"@spencer0415 awe, I love you kid!!",fear,joy
Losing to Villa...'@M0tivati0nQuote: Most of the things people worry about are things that won't even matter to them a few months from now.',fear,sadness
It really is amazing the money they give to some of these QB's #nfl #texans #brock #terrible,fear,anger
Another fun fact: i am afraid,fear,fear
"@AlaskaGurus @adventuretweets agreed! üòç an awe to meet such beautiful, powerful animals.",fear,joy
@ReaganBattalion That's a terrible thing to accuse Scott Baio of.,fear,sadness
When you're scared to press send #bgoodthepoet #PrayForMe #ThisIsAGodDream #career #help  #heart #HeartRacing,fear,fear
I have been seeing terrible terrible prescriptions this week. What's going on?,fear,sadness
And I cried in front of my guy last night. And it's just been a horrible week but it's only for a week,fear,sadness
About 7 weeks till I can pick up my camera again. Though I think there is a group cemetery shoot in october I can make! #photography #horror,fear,fear
"They'll be yo friend, shake your hand, then kick in yo door thas the way the game goü§ñü§ê.",fear,fear
"#twitter #users Tweeting on twitter is like playing a game against the computer. Where's the life, Everyone too #afraid to say something?",fear,fear
So about 18mths ago i signed up to @Lumo_Energy for their @VirginAustralia / Velocity FF deal. 18 months in still no FF points ,fear,anger
Val reminds me of one of the cheerful witches that looks after Aurora in Disney‚Äôs Sleeping Beauty. #GBBO,joy,joy
@bruins_514 @gorddownie @thehipdotcom It would be #TragicallyHip if they can #help @TOYSFORASMILE make #hospitalized  #sick #kids #smile üòä‚úå‚ù§,joy,joy
"Good #CX most often doesn't require all that much. #smile, #care, #relate and be #helpful. Thanks, Lakis Court Hotel in #cyprus",joy,joy
@Communism_Kills i get the subway melt and make sure it's only hearty italian bread... black olives are a must though,joy,joy
A #new day to #live and #smile. Hope all the #followers a nice #night or #day. :D,joy,joy
How can l rule my mind !!!!!! \nIt's hilarious that you can't üò≠üòëüòÆ,joy,sadness
"@theclobra lol I thought maybe, couldn't decide if there was levity or not",joy,sadness
@tomlinmayniac starting my new challenge ! A glee poll every day !,joy,joy
"@diehimbeertonis She developed her 'forced smile'. I can force myself to describe it 'a little hearty maybe, sanki biraz':)",joy,joy
"I'm absolutely in love with Laurie Hernandez, she's so adorable and is always so cheerful!",joy,joy
@chencouture LMAO Is it that 'so slutty' hater girl? That video was hilarious. üòÇ,joy,joy
"@DocBellsSwan *peers down at you, eyes crinkling with mirth and affection* I do love ye so, my bonnie Belle.",joy,joy
@tomderivan73 üòÅ...I'll just people watch and enjoy a rare show of optimism,joy,joy
[Moment of levity on the B41] Baby: I want ISIS! Give me ISIS!\nMom: Shh!\nBaby: I want ISIS!\nWest Indian woman: She wants what?\nMom: *Ices*.,joy,joy
@r0Ils ppl get triggered over u smiling they're irrelevant,joy,anger
Google caffeine-an sprightly lengthening into the corridor re seo: WgJ,joy,joy
@HunterDean_ [he gives a gleeful squeak and wraps around you] All mine!,joy,joy
It feels good to get outside for a minute and get some fresh air.  It's hard to stay cooped up inside all day #breezy,joy,joy
"@PhilGlutting Hey There Phil Glutting thank you for following us, it's appreciated :) #smile",joy,joy
I turn 25 in two weeks. I am so happy. 24 was my darkest year yet. I am elated that I survived,joy,joy
"@LeePorter94 @DomMcGovern_ hi Dom I saw u at Notts county away, looking for 1 mufc away ticket will pay #blues",sadness,joy
Buddha doesn't possess enough power to deliver you from your affliction!,sadness,anger
Don't depress yourself by comparing yourself. No comparisons.,sadness,sadness
@kayleighmcenany  @DonaldJTrumpJr Is that really all you can offer for those who sacrifice daily to keep you safe...? @kayleighmcenany ,sadness,anger
"We are about a little over an hour away! We will arrive soon, do not fret!",sadness,joy
yesterday i finished watching penny dreadful and from all the beautiful things i saw one question remains: were the writers HIM's fans?,sadness,joy
If Angelina Jolie can't keep a man no one can. Today we mourn because Love is dead,sadness,sadness
Folk Band 'Thistle Down' will be replaced by 'The Paul Edwards Quartet' at Laurel Bank Park Sat 24 11am - 3pm due to ill health #jazz #blues,sadness,sadness
It's basically a dead skin peel which sounds grim. But it literally gets rid of so much dead skin from your pores.,sadness,sadness
On bedrest since I got out of the hospital. U find in unopened beer.. what do I do. Pour that shit out! No alcohol at all for me #sober,sadness,anger
@pmo100 @5liveSport .....I heard talk something is a miss. He looks weary.,sadness,sadness
Season 3 and Charlie is still a prick! #lost,sadness,anger
If I had a little bit of extra money I would blow the whole paycheck and go to one of the two of @KygoMusic's concerts in LA. #serious,sadness,joy
amateur author Twitter might be the most depressing thing I've ever seen,sadness,sadness
SOBRIETY¬Æ   trying to make being sober fashionable‚Ä¶.can it be done ? #zeroalcohol #soberoctober #clubsoda #nomorehangovers #sober,sadness,joy
and for inconsolable Oxford academics - 'Brussels should just ignore the #Brexit vote and tell the UK it can't leave the EU....ever....wah',sadness,anger
@kayleighmcenany  @DonaldJTrumpJr Is that really all you can offer for those who sacrifice daily to keep you safe...? @kayleighmcenany #sad,sadness,sadness
Rooney is 5 yards off the pace in a League Cup game against Northampton Town. Let that sink in for a moment. #MUFC,sadness,sadness
My life went from happy to unhappy..,sadness,sadness
I feel like an appendix. I don't have a purpose.  #depressed  #alone #lonely #broken  #cry #hurt #crying #life,sadness,sadness
